	AAPL	MSFT	NVDA	PLTR	SPY	TSLA
AAPL	0.0036228139237012556	0.0003984552183430344	0.0007677405268325197	0.0010240429044887315	0.0007839649394939265	0.003074800723586168
MSFT	0.0003984552183430344	0.004022300577925238	0.0054324016340792005	0.004539592166251692	0.00161605693761451	0.0026899303333451892
NVDA	0.0007677405268325197	0.0054324016340792005	0.014287356250200067	0.003919572360662824	0.002673028843853129	-0.001848478986425455
PLTR	0.0010240429044887315	0.004539592166251692	0.003919572360662824	0.03838981418610204	0.002387350782841951	0.017408430173692133
SPY	0.0007839649394939265	0.00161605693761451	0.002673028843853129	0.002387350782841951	0.0012252940156358206	0.0019709252946674086
TSLA	0.003074800723586168	0.0026899303333451892	-0.001848478986425455	0.017408430173692133	0.0019709252946674086	0.02435781047414409
