asset	estimated_return
AAPL	0.01696781632100377
MSFT	0.019235897936117404
NVDA	0.06956661552831095
PLTR	0.12172875022089343
SPY	0.020757964668422
TSLA	0.036103100463761584
