asset	allocation
AAPL	0.13454423100358695
MSFT	3.040127039893024e-17
NVDA	0.0
PLTR	0.0
SPY	0.8654557689964131
TSLA	6.660777796450639e-18
