asset	allocation
AAPL	0.11462402780972387
MSFT	0.0931548513999422
NVDA	-0.19672002315621245
PLTR	0.0042674436018777856
SPY	1.0794185610393032
TSLA	-0.09474486069463448
